NUM_ENF,LEITO,CLINICA_SMSRIO,CLINICA_HFB,LOCAL
111,1,CLINICA REFERENCIADA,EMERGENCIA,PREDIO 1
111,2,CLINICA REFERENCIADA,EMERGENCIA,PREDIO 1
111,3,CLINICA REFERENCIADA,EMERGENCIA,PREDIO 1
111,4,CLINICA REFERENCIADA,EMERGENCIA,PREDIO 1
113,1,CIRURGICA REFERENCIADA,EMERGENCIA,PREDIO 1
113,2,CIRURGICA REFERENCIADA,EMERGENCIA,PREDIO 1
113,3,CIRURGICA REFERENCIADA,EMERGENCIA,PREDIO 1
113,4,CIRURGICA REFERENCIADA,EMERGENCIA,PREDIO 1
113,5,CIRURGICA REFERENCIADA,EMERGENCIA,PREDIO 1
113,6,CIRURGICA REFERENCIADA,EMERGENCIA,PREDIO 1
113,7,CIRURGICA REFERENCIADA,EMERGENCIA,PREDIO 1
113,8,CIRURGICA REFERENCIADA,EMERGENCIA,PREDIO 1
113,9,CIRURGICA REFERENCIADA,EMERGENCIA,PREDIO 1
113,10,CIRURGICA REFERENCIADA,EMERGENCIA,PREDIO 1
114,1,CIRURGICA REFERENCIADA - FEMININA,EMERGENCIA,PREDIO 1
114,2,CIRURGICA REFERENCIADA - FEMININA,EMERGENCIA,PREDIO 1
114,3,CIRURGICA REFERENCIADA - FEMININA,EMERGENCIA,PREDIO 1
114,4,CIRURGICA REFERENCIADA - FEMININA,EMERGENCIA,PREDIO 1
114,5,CIRURGICA REFERENCIADA - FEMININA,EMERGENCIA,PREDIO 1
114,6,CIRURGICA REFERENCIADA - FEMININA,EMERGENCIA,PREDIO 1
114,7,CIRURGICA REFERENCIADA - FEMININA,EMERGENCIA,PREDIO 1
114,8,CIRURGICA REFERENCIADA - FEMININA,EMERGENCIA,PREDIO 1
114,9,CIRURGICA REFERENCIADA - FEMININA,EMERGENCIA,PREDIO 1
115,1,CIRURGICA REFERENCIADA - MASCULINA,EMERGENCIA,PREDIO 1
115,2,CIRURGICA REFERENCIADA - MASCULINA,EMERGENCIA,PREDIO 1
115,3,CIRURGICA REFERENCIADA - MASCULINA,EMERGENCIA,PREDIO 1
115,4,CIRURGICA REFERENCIADA - MASCULINA,EMERGENCIA,PREDIO 1
115,5,CIRURGICA REFERENCIADA - MASCULINA,EMERGENCIA,PREDIO 1
115,6,CIRURGICA REFERENCIADA - MASCULINA,EMERGENCIA,PREDIO 1
115,7,CIRURGICA REFERENCIADA - MASCULINA,EMERGENCIA,PREDIO 1
115,8,CIRURGICA REFERENCIADA - MASCULINA,EMERGENCIA,PREDIO 1
115,9,CIRURGICA REFERENCIADA - MASCULINA,EMERGENCIA,PREDIO 1
116,1,CLINICA REFERENCIADA - PED,EMERGENCIA,PREDIO 1
116,2,CLINICA REFERENCIADA - PED,EMERGENCIA,PREDIO 1
116,3,CLINICA REFERENCIADA - PED,EMERGENCIA,PREDIO 1
116,4,CLINICA REFERENCIADA - PED,EMERGENCIA,PREDIO 1
116,5,CLINICA REFERENCIADA - PED,EMERGENCIA,PREDIO 1
116,6,CLINICA REFERENCIADA - PED,EMERGENCIA,PREDIO 1
116,7,CLINICA REFERENCIADA - PED,EMERGENCIA,PREDIO 1
116,8,CLINICA REFERENCIADA - PED,EMERGENCIA,PREDIO 1
116,9,CLINICA REFERENCIADA - PED,EMERGENCIA,PREDIO 1
116,10,CLINICA REFERENCIADA - PED,EMERGENCIA,PREDIO 1
117,1,CLINICA REFERENCIADA - PED,EMERGENCIA,PREDIO 1
117,2,CLINICA REFERENCIADA - PED,EMERGENCIA,PREDIO 1
117,3,CLINICA REFERENCIADA - PED,EMERGENCIA,PREDIO 1
117,4,CLINICA REFERENCIADA - PED,EMERGENCIA,PREDIO 1
117,5,CLINICA REFERENCIADA - PED,EMERGENCIA,PREDIO 1
117,6,CLINICA REFERENCIADA - PED,EMERGENCIA,PREDIO 1
117,7,CLINICA REFERENCIADA - PED,EMERGENCIA,PREDIO 1
117,8,CLINICA REFERENCIADA - PED,EMERGENCIA,PREDIO 1
120,1,UTI ADULTO,CTI 1,PREDIO 1
120,2,UTI ADULTO,CTI 1,PREDIO 1
120,3,UTI ADULTO,CTI 1,PREDIO 1
120,4,UTI ADULTO,CTI 1,PREDIO 1
120,5,UTI ADULTO,CTI 1,PREDIO 1
120,6,UTI ADULTO,CTI 1,PREDIO 1
120,7,UTI ADULTO,CTI 1,PREDIO 1
120,8,UTI ADULTO,CTI 1,PREDIO 1
120,9,UTI ADULTO,CTI 1,PREDIO 1
120,10,UTI ADULTO,CTI 1,PREDIO 1
121,1,ORTOPEDIA,ORTOPEDIA,PREDIO 1
121,2,ORTOPEDIA,ORTOPEDIA,PREDIO 1
121,3,ORTOPEDIA,ORTOPEDIA,PREDIO 1
121,4,ORTOPEDIA,ORTOPEDIA,PREDIO 1
121,5,ORTOPEDIA,ORTOPEDIA,PREDIO 1
121,6,ORTOPEDIA,ORTOPEDIA,PREDIO 1
121,7,ORTOPEDIA,ORTOPEDIA,PREDIO 1
121,8,ORTOPEDIA,ORTOPEDIA,PREDIO 1
121,9,ORTOPEDIA,ORTOPEDIA,PREDIO 1
121,10,ORTOPEDIA,ORTOPEDIA,PREDIO 1
121,11,ORTOPEDIA,ORTOPEDIA,PREDIO 1
121,12,ORTOPEDIA,ORTOPEDIA,PREDIO 1
121,13,CIR. VASCULAR,CIRURGIA VASCULAR,PREDIO 1
121,14,CIR. VASCULAR,CIRURGIA VASCULAR,PREDIO 1
121,15,CIR. VASCULAR,CIRURGIA VASCULAR,PREDIO 1
121,16,CIR. VASCULAR,CIRURGIA VASCULAR,PREDIO 1
121,17,CIR. VASCULAR,CIRURGIA VASCULAR,PREDIO 1
121,18,CIR. VASCULAR,CIRURGIA VASCULAR,PREDIO 1
123,1,CLINICA - NEFROLOGIA,NEFROLOGIA,PREDIO 1
123,2,CLINICA - NEFROLOGIA,NEFROLOGIA,PREDIO 1
123,3,CLINICA - NEFROLOGIA,NEFROLOGIA,PREDIO 1
123,4,CLINICA - NEFROLOGIA,NEFROLOGIA,PREDIO 1
123,5,CLINICA - NEFROLOGIA,NEFROLOGIA,PREDIO 1
123,6,CLINICA - NEFROLOGIA,NEFROLOGIA,PREDIO 1
123,7,CLINICA - NEFROLOGIA,NEFROLOGIA,PREDIO 1
123,8,CLINICA - NEFROLOGIA,NEFROLOGIA,PREDIO 1
123,9,CLINICA - NEFROLOGIA,NEFROLOGIA,PREDIO 1
123,10,CLINICA - NEFROLOGIA,NEFROLOGIA,PREDIO 1
123,11,CLINICA - NEFROLOGIA,NEFROLOGIA,PREDIO 1
123,12,CLINICA - NEFROLOGIA,NEFROLOGIA,PREDIO 1
123,13,CLINICA - NEFROLOGIA,NEFROLOGIA,PREDIO 1
123,14,CLINICA - NEFROLOGIA,NEFROLOGIA,PREDIO 1
123,15,CLINICA - NEFROLOGIA,NEFROLOGIA,PREDIO 1
123,16,CLINICA - NEFROLOGIA,NEFROLOGIA,PREDIO 1
124,1,TRANSPLANTE,UTR,PREDIO 1
124,2,TRANSPLANTE,UTR,PREDIO 1
124,3,TRANSPLANTE,UTR,PREDIO 1
124,4,TRANSPLANTE,UTR,PREDIO 1
124,5,TRANSPLANTE,UTR,PREDIO 1
124,6,TRANSPLANTE,UTR,PREDIO 1
124,7,TRANSPLANTE,UTR,PREDIO 1
124,8,TRANSPLANTE,UTR,PREDIO 1
124,9,TRANSPLANTE,UTR,PREDIO 1
124,10,TRANSPLANTE,UTR,PREDIO 1
124,11,TRANSPLANTE,UTR,PREDIO 1
124,12,TRANSPLANTE,UTR,PREDIO 1
124,13,TRANSPLANTE,UTR,PREDIO 1
131,1,CLINICA MEDICA,CLINICA MEDICA MASCULINA,PREDIO 1
131,2,CLINICA MEDICA,CLINICA MEDICA MASCULINA,PREDIO 1
131,3,CLINICA MEDICA,CLINICA MEDICA MASCULINA,PREDIO 1
131,4,CLINICA MEDICA,CLINICA MEDICA MASCULINA,PREDIO 1
131,5,CLINICA MEDICA,CLINICA MEDICA MASCULINA,PREDIO 1
131,6,CLINICA MEDICA,CLINICA MEDICA MASCULINA,PREDIO 1
131,7,CLINICA MEDICA,CLINICA MEDICA MASCULINA,PREDIO 1
131,8,CLINICA MEDICA,CLINICA MEDICA MASCULINA,PREDIO 1
131,9,CLINICA MEDICA,CLINICA MEDICA MASCULINA,PREDIO 1
131,10,CLINICA MEDICA,CLINICA MEDICA MASCULINA,PREDIO 1
131,11,CLINICA MEDICA,CLINICA MEDICA MASCULINA,PREDIO 1
131,12,CLINICA MEDICA,CLINICA MEDICA MASCULINA,PREDIO 1
131,13,CLINICA MEDICA,CLINICA MEDICA MASCULINA,PREDIO 1
131,14,CLINICA MEDICA,CLINICA MEDICA MASCULINA,PREDIO 1
131,15,CLINICA MEDICA,CLINICA MEDICA MASCULINA,PREDIO 1
131,16,CLINICA MEDICA,CLINICA MEDICA MASCULINA,PREDIO 1
131,17,CLINICA MEDICA,CLINICA MEDICA MASCULINA,PREDIO 1
131,18,CLINICA MEDICA,CLINICA MEDICA MASCULINA,PREDIO 1
131,19,CLINICA MEDICA,CLINICA MEDICA MASCULINA,PREDIO 1
132,1,CLINICA MEDICA,CLINICA MEDICA FEMININA,PREDIO 1
132,2,CLINICA MEDICA,CLINICA MEDICA FEMININA,PREDIO 1
132,3,CLINICA MEDICA,CLINICA MEDICA FEMININA,PREDIO 1
132,4,CLINICA MEDICA,CLINICA MEDICA FEMININA,PREDIO 1
132,5,CLINICA MEDICA,CLINICA MEDICA FEMININA,PREDIO 1
132,6,CLINICA MEDICA,CLINICA MEDICA FEMININA,PREDIO 1
132,7,CLINICA MEDICA,CLINICA MEDICA FEMININA,PREDIO 1
132,8,CLINICA MEDICA,CLINICA MEDICA FEMININA,PREDIO 1
132,9,CLINICA MEDICA,CLINICA MEDICA FEMININA,PREDIO 1
132,10,CLINICA MEDICA,CLINICA MEDICA FEMININA,PREDIO 1
132,11,CLINICA MEDICA,CLINICA MEDICA FEMININA,PREDIO 1
132,12,CLINICA MEDICA,CLINICA MEDICA FEMININA,PREDIO 1
132,13,CLINICA MEDICA,CLINICA MEDICA FEMININA,PREDIO 1
132,14,CLINICA MEDICA,CLINICA MEDICA FEMININA,PREDIO 1
132,15,CLINICA MEDICA,CLINICA MEDICA FEMININA,PREDIO 1
133,1,UTI ADULTO II,CTI 2,PREDIO 1
133,2,UTI ADULTO II,CTI 2,PREDIO 1
133,3,UTI ADULTO II,CTI 2,PREDIO 1
133,4,UTI ADULTO II,CTI 2,PREDIO 1
133,5,UTI ADULTO II,CTI 2,PREDIO 1
133,6,UTI ADULTO II,CTI 2,PREDIO 1
134,1,CLINICA - CARDIOLOGIA,CARDIOLOGIA,PREDIO 1
134,2,CLINICA - CARDIOLOGIA,CARDIOLOGIA,PREDIO 1
134,3,CLINICA - CARDIOLOGIA,CARDIOLOGIA,PREDIO 1
134,4,CLINICA - CARDIOLOGIA,CARDIOLOGIA,PREDIO 1
134,5,CLINICA - CARDIOLOGIA,CARDIOLOGIA,PREDIO 1
134,6,CLINICA - CARDIOLOGIA,CARDIOLOGIA,PREDIO 1
134,7,CLINICA - CARDIOLOGIA,CARDIOLOGIA,PREDIO 1
134,8,CLINICA - CARDIOLOGIA,CARDIOLOGIA,PREDIO 1
134,9,CLINICA - CARDIOLOGIA,CARDIOLOGIA,PREDIO 1
134,10,CLINICA - CARDIOLOGIA,CARDIOLOGIA,PREDIO 1
134,11,CLINICA - CARDIOLOGIA,CARDIOLOGIA,PREDIO 1
134,12,CLINICA - CARDIOLOGIA,CARDIOLOGIA,PREDIO 1
134,13,CLINICA - CARDIOLOGIA,CARDIOLOGIA,PREDIO 1
134,14,CLINICA - CARDIOLOGIA,CARDIOLOGIA,PREDIO 1
134,15,CLINICA - CARDIOLOGIA,CARDIOLOGIA,PREDIO 1
134,16,CLINICA - CARDIOLOGIA,CARDIOLOGIA,PREDIO 1
134,17,CLINICA - CARDIOLOGIA,CARDIOLOGIA,PREDIO 1
134,18,CLINICA - CARDIOLOGIA,CARDIOLOGIA,PREDIO 1
135,1,UNIDADE CORONARIANA,UNIDADE CORONARIANA,PREDIO 1
135,2,UNIDADE CORONARIANA,UNIDADE CORONARIANA,PREDIO 1
135,3,UNIDADE CORONARIANA,UNIDADE CORONARIANA,PREDIO 1
135,4,UNIDADE CORONARIANA,UNIDADE CORONARIANA,PREDIO 1
135,5,UNIDADE CORONARIANA,UNIDADE CORONARIANA,PREDIO 1
135,6,UNIDADE CORONARIANA,UNIDADE CORONARIANA,PREDIO 1
135,7,UNIDADE CORONARIANA,UNIDADE CORONARIANA,PREDIO 1
135,8,UNIDADE CORONARIANA,UNIDADE CORONARIANA,PREDIO 1
135,9,UNIDADE CORONARIANA,UNIDADE CORONARIANA,PREDIO 1
135,10,UNIDADE CORONARIANA,UNIDADE CORONARIANA,PREDIO 1
135,11,UNIDADE CORONARIANA,UNIDADE CORONARIANA,PREDIO 1
135,12,UNIDADE CORONARIANA,UNIDADE CORONARIANA,PREDIO 1
135,13,UNIDADE CORONARIANA,UNIDADE CORONARIANA,PREDIO 1
135,14,UNIDADE CORONARIANA,UNIDADE CORONARIANA,PREDIO 1
141,1,CLINICA MEDICA,CLINICA MEDICA 4º ANDAR,PREDIO 1
141,2,CLINICA MEDICA,CLINICA MEDICA 4º ANDAR,PREDIO 1
141,3,CLINICA MEDICA,CLINICA MEDICA 4º ANDAR,PREDIO 1
141,4,CLINICA MEDICA,CLINICA MEDICA 4º ANDAR,PREDIO 1
141,5,CLINICA MEDICA,CLINICA MEDICA 4º ANDAR,PREDIO 1
141,6,CLINICA MEDICA,CLINICA MEDICA 4º ANDAR,PREDIO 1
141,7,CLINICA MEDICA,CLINICA MEDICA 4º ANDAR,PREDIO 1
141,8,CLINICA MEDICA,CLINICA MEDICA 4º ANDAR,PREDIO 1
141,9,CLINICA MEDICA,CLINICA MEDICA 4º ANDAR,PREDIO 1
141,10,CLINICA MEDICA,CLINICA MEDICA 4º ANDAR,PREDIO 1
141,11,CLINICA MEDICA,CLINICA MEDICA 4º ANDAR,PREDIO 1
141,12,CLINICA MEDICA,CLINICA MEDICA 4º ANDAR,PREDIO 1
141,13,CLINICA MEDICA,CLINICA MEDICA 4º ANDAR,PREDIO 1
141,14,CLINICA MEDICA,CLINICA MEDICA 4º ANDAR,PREDIO 1
141,15,CLINICA MEDICA,CLINICA MEDICA 4º ANDAR,PREDIO 1
141,16,CLINICA MEDICA,CLINICA MEDICA 4º ANDAR,PREDIO 1
141,17,CLINICA MEDICA,CLINICA MEDICA 4º ANDAR,PREDIO 1
141,18,CLINICA MEDICA,CLINICA MEDICA 4º ANDAR,PREDIO 1
142,1,CIRURGIA GERAL,CIRURGIA GERAL FEMININA,PREDIO 1
142,2,CIRURGIA GERAL,CIRURGIA GERAL FEMININA,PREDIO 1
142,3,CIRURGIA GERAL,CIRURGIA GERAL FEMININA,PREDIO 1
142,4,CIRURGIA GERAL,CIRURGIA GERAL FEMININA,PREDIO 1
142,5,CIRURGIA GERAL,CIRURGIA GERAL FEMININA,PREDIO 1
142,6,CIRURGIA GERAL,CIRURGIA GERAL FEMININA,PREDIO 1
142,7,CIRURGIA GERAL,CIRURGIA GERAL FEMININA,PREDIO 1
142,8,CIRURGIA GERAL,CIRURGIA GERAL FEMININA,PREDIO 1
142,9,CIRURGIA GERAL,CIRURGIA GERAL FEMININA,PREDIO 1
142,10,CIRURGIA GERAL,CIRURGIA GERAL FEMININA,PREDIO 1
142,11,CIRURGIA GERAL,CIRURGIA GERAL FEMININA,PREDIO 1
142,12,CIRURGIA GERAL,CIRURGIA GERAL FEMININA,PREDIO 1
142,13,CIRURGIA GERAL,CIRURGIA GERAL FEMININA,PREDIO 1
142,14,CIRURGIA GERAL,CIRURGIA GERAL FEMININA,PREDIO 1
142,15,CIRURGIA GERAL,CIRURGIA GERAL FEMININA,PREDIO 1
142,16,CIRURGIA GERAL,CIRURGIA GERAL FEMININA,PREDIO 1
142,17,CIRURGIA GERAL,CIRURGIA GERAL FEMININA,PREDIO 1
142,18,CIRURGIA GERAL,CIRURGIA GERAL FEMININA,PREDIO 1
142,19,CIRURGIA GERAL,CIRURGIA GERAL FEMININA,PREDIO 1
142,20,CIRURGIA GERAL,CIRURGIA GERAL FEMININA,PREDIO 1
142,21,CIRURGIA GERAL,CIRURGIA GERAL FEMININA,PREDIO 1
142,22,CIRURGIA GERAL,CIRURGIA GERAL FEMININA,PREDIO 1
144,1,NEUROCIRURGIA,NEUROCIRURGIA,PREDIO 1
144,2,NEUROCIRURGIA,NEUROCIRURGIA,PREDIO 1
144,3,NEUROCIRURGIA,NEUROCIRURGIA,PREDIO 1
144,4,NEUROCIRURGIA,NEUROCIRURGIA,PREDIO 1
144,5,NEUROCIRURGIA,NEUROCIRURGIA,PREDIO 1
144,6,NEUROCIRURGIA,NEUROCIRURGIA,PREDIO 1
144,7,NEUROCIRURGIA,NEUROCIRURGIA,PREDIO 1
144,8,NEUROCIRURGIA,NEUROCIRURGIA,PREDIO 1
144,9,NEUROCIRURGIA,NEUROCIRURGIA,PREDIO 1
144,10,NEUROCIRURGIA,NEUROCIRURGIA,PREDIO 1
144,11,NEUROCIRURGIA,NEUROCIRURGIA,PREDIO 1
144,12,NEUROCIRURGIA,NEUROCIRURGIA,PREDIO 1
144,13,NEUROCIRURGIA,NEUROCIRURGIA,PREDIO 1
144,14,NEUROCIRURGIA,NEUROCIRURGIA,PREDIO 1
144,15,NEUROCIRURGIA,NEUROCIRURGIA,PREDIO 1
144,16,NEUROCIRURGIA,NEUROCIRURGIA,PREDIO 1
145,1,UROLOGIA,UROLOGIA,PREDIO 1
145,2,UROLOGIA,UROLOGIA,PREDIO 1
145,3,UROLOGIA,UROLOGIA,PREDIO 1
145,4,UROLOGIA,UROLOGIA,PREDIO 1
145,5,UROLOGIA,UROLOGIA,PREDIO 1
145,6,UROLOGIA,UROLOGIA,PREDIO 1
145,7,UROLOGIA,UROLOGIA,PREDIO 1
145,8,UROLOGIA,UROLOGIA,PREDIO 1
145,9,UROLOGIA,UROLOGIA,PREDIO 1
145,10,UROLOGIA,UROLOGIA,PREDIO 1
145,11,UROLOGIA,UROLOGIA,PREDIO 1
145,12,UROLOGIA,UROLOGIA,PREDIO 1
145,13,UROLOGIA,UROLOGIA,PREDIO 1
145,14,UROLOGIA,UROLOGIA,PREDIO 1
145,15,UROLOGIA,UROLOGIA,PREDIO 1
146,1,CIRURGIA GERAL,CIRURGIA GERAL MASCULINA,PREDIO 1
146,2,CIRURGIA GERAL,CIRURGIA GERAL MASCULINA,PREDIO 1
146,3,CIRURGIA GERAL,CIRURGIA GERAL MASCULINA,PREDIO 1
146,4,CIRURGIA GERAL,CIRURGIA GERAL MASCULINA,PREDIO 1
146,5,CIRURGIA GERAL,CIRURGIA GERAL MASCULINA,PREDIO 1
146,6,CIRURGIA GERAL,CIRURGIA GERAL MASCULINA,PREDIO 1
146,7,CIRURGIA GERAL,CIRURGIA GERAL MASCULINA,PREDIO 1
146,8,CIRURGIA GERAL,CIRURGIA GERAL MASCULINA,PREDIO 1
146,9,CIRURGIA GERAL,CIRURGIA GERAL MASCULINA,PREDIO 1
146,10,CIRURGIA GERAL,CIRURGIA GERAL MASCULINA,PREDIO 1
146,11,CIRURGIA GERAL,CIRURGIA GERAL MASCULINA,PREDIO 1
146,12,CIRURGIA GERAL,CIRURGIA GERAL MASCULINA,PREDIO 1
146,13,CIRURGIA GERAL,CIRURGIA GERAL MASCULINA,PREDIO 1
146,14,CIRURGIA GERAL,CIRURGIA GERAL MASCULINA,PREDIO 1
146,15,CIRURGIA GERAL,CIRURGIA GERAL MASCULINA,PREDIO 1
146,16,CIRURGIA GERAL,CIRURGIA GERAL MASCULINA,PREDIO 1
146,17,CIRURGIA GERAL,CIRURGIA GERAL MASCULINA,PREDIO 1
146,18,CIRURGIA GERAL,CIRURGIA GERAL MASCULINA,PREDIO 1
146,19,CIRURGIA GERAL,CIRURGIA GERAL MASCULINA,PREDIO 1
146,20,CIRURGIA GERAL,CIRURGIA GERAL MASCULINA,PREDIO 1
146,21,CIRURGIA GERAL,CIRURGIA GERAL MASCULINA,PREDIO 1
146,22,CIRURGIA GERAL,CIRURGIA GERAL MASCULINA,PREDIO 1
146,23,CIRURGIA GERAL,CIRURGIA GERAL MASCULINA,PREDIO 1
146,24,CIRURGIA GERAL,CIRURGIA GERAL MASCULINA,PREDIO 1
152,1,CIRURGIA CABECA E PESCOCO,CIRURGIA DE CABECA E PESCOCO,PREDIO 1
152,2,CIRURGIA CABECA E PESCOCO,CIRURGIA DE CABECA E PESCOCO,PREDIO 1
152,3,CIRURGIA CABECA E PESCOCO,CIRURGIA DE CABECA E PESCOCO,PREDIO 1
152,4,CIRURGIA CABECA E PESCOCO,CIRURGIA DE CABECA E PESCOCO,PREDIO 1
152,5,CIRURGIA CABECA E PESCOCO,CIRURGIA DE CABECA E PESCOCO,PREDIO 1
152,6,CIRURGIA CABECA E PESCOCO,CIRURGIA DE CABECA E PESCOCO,PREDIO 1
152,7,CIRURGIA CABECA E PESCOCO,CIRURGIA DE CABECA E PESCOCO,PREDIO 1
152,8,CIRURGIA CABECA E PESCOCO,CIRURGIA DE CABECA E PESCOCO,PREDIO 1
200,1,UTI PEDIATRICO,UTI PEDIATRICO,PREDIO 2
200,2,UTI PEDIATRICO,UTI PEDIATRICO,PREDIO 2
200,3,UTI PEDIATRICO,UTI PEDIATRICO,PREDIO 2
200,4,UTI PEDIATRICO,UTI PEDIATRICO,PREDIO 2
200,5,UTI PEDIATRICO,UTI PEDIATRICO,PREDIO 2
200,6,UTI PEDIATRICO,UTI PEDIATRICO,PREDIO 2
200,7,UTI PEDIATRICO,UTI PEDIATRICO,PREDIO 2
200,8,UTI PEDIATRICO,UTI PEDIATRICO,PREDIO 2
200,9,UTI PEDIATRICO,UTI PEDIATRICO,PREDIO 2
200,10,UTI PEDIATRICO,UTI PEDIATRICO,PREDIO 2
220,1,HOSPITAL DIA,HOSPITAL DIA,PREDIO 2
220,2,HOSPITAL DIA,HOSPITAL DIA,PREDIO 2
220,3,HOSPITAL DIA,HOSPITAL DIA,PREDIO 2
220,4,HOSPITAL DIA,HOSPITAL DIA,PREDIO 2
220,5,HOSPITAL DIA,HOSPITAL DIA,PREDIO 2
220,6,HOSPITAL DIA,HOSPITAL DIA,PREDIO 2
220,7,HOSPITAL DIA,HOSPITAL DIA,PREDIO 2
220,8,HOSPITAL DIA,HOSPITAL DIA,PREDIO 2
220,9,HOSPITAL DIA,HOSPITAL DIA,PREDIO 2
220,10,HOSPITAL DIA,HOSPITAL DIA,PREDIO 2
220,11,HOSPITAL DIA,HOSPITAL DIA,PREDIO 2
220,12,HOSPITAL DIA,HOSPITAL DIA,PREDIO 2
220,13,HOSPITAL DIA,HOSPITAL DIA,PREDIO 2
220,14,HOSPITAL DIA,HOSPITAL DIA,PREDIO 2
220,15,HOSPITAL DIA,HOSPITAL DIA,PREDIO 2
221,1,GINECOLOGIA,GINECOLOGIA,PREDIO 2
221,2,GINECOLOGIA,GINECOLOGIA,PREDIO 2
221,3,GINECOLOGIA,GINECOLOGIA,PREDIO 2
221,4,GINECOLOGIA,GINECOLOGIA,PREDIO 2
221,5,GINECOLOGIA,GINECOLOGIA,PREDIO 2
221,6,GINECOLOGIA,GINECOLOGIA,PREDIO 2
221,7,GINECOLOGIA,GINECOLOGIA,PREDIO 2
221,8,GINECOLOGIA,GINECOLOGIA,PREDIO 2
221,9,GINECOLOGIA,GINECOLOGIA,PREDIO 2
221,10,GINECOLOGIA,GINECOLOGIA,PREDIO 2
221,11,GINECOLOGIA,GINECOLOGIA,PREDIO 2
221,12,GINECOLOGIA,GINECOLOGIA,PREDIO 2
221,13,GINECOLOGIA,GINECOLOGIA,PREDIO 2
221,14,GINECOLOGIA,GINECOLOGIA,PREDIO 2
221,15,GINECOLOGIA,GINECOLOGIA,PREDIO 2
221,16,GINECOLOGIA,GINECOLOGIA,PREDIO 2
221,17,GINECOLOGIA,GINECOLOGIA,PREDIO 2
221,18,GINECOLOGIA,GINECOLOGIA,PREDIO 2
221,19,GINECOLOGIA,GINECOLOGIA,PREDIO 2
221,20,GINECOLOGIA,GINECOLOGIA,PREDIO 2
222,1,CIRURGIA PEDIATRICA,CIRURGIA PEDIATRICA,PREDIO 2
222,2,CIRURGIA PEDIATRICA,CIRURGIA PEDIATRICA,PREDIO 2
222,3,CIRURGIA PEDIATRICA,CIRURGIA PEDIATRICA,PREDIO 2
222,4,CIRURGIA PEDIATRICA,CIRURGIA PEDIATRICA,PREDIO 2
222,5,CIRURGIA PEDIATRICA,CIRURGIA PEDIATRICA,PREDIO 2
222,6,CIRURGIA PEDIATRICA,CIRURGIA PEDIATRICA,PREDIO 2
231,1,UI NEONATAL,UI NEONATAL,PREDIO 2
231,2,UI NEONATAL,UI NEONATAL,PREDIO 2
231,3,UI NEONATAL,UI NEONATAL,PREDIO 2
231,4,UI NEONATAL,UI NEONATAL,PREDIO 2
231,5,UI NEONATAL,UI NEONATAL,PREDIO 2
231,6,UI NEONATAL,UI NEONATAL,PREDIO 2
231,7,UI NEONATAL,UI NEONATAL,PREDIO 2
231,8,UI NEONATAL,UI NEONATAL,PREDIO 2
231,9,UI NEONATAL,UI NEONATAL,PREDIO 2
231,10,UI NEONATAL,UI NEONATAL,PREDIO 2
231,11,UI NEONATAL,UI NEONATAL,PREDIO 2
231,12,UI NEONATAL,UI NEONATAL,PREDIO 2
231,13,UI NEONATAL,UI NEONATAL,PREDIO 2
231,14,UI NEONATAL,UI NEONATAL,PREDIO 2
231,15,UI NEONATAL,UI NEONATAL,PREDIO 2
231,16,UI NEONATAL,UI NEONATAL,PREDIO 2
231,17,UI NEONATAL,UI NEONATAL,PREDIO 2
231,18,UI NEONATAL,UI NEONATAL,PREDIO 2
231,19,UI NEONATAL,UI NEONATAL,PREDIO 2
231,20,UI NEONATAL,UI NEONATAL,PREDIO 2
232,1,PEDIATRIA,PEDIATRIA,PREDIO 2
232,2,PEDIATRIA,PEDIATRIA,PREDIO 2
232,3,PEDIATRIA,PEDIATRIA,PREDIO 2
232,4,PEDIATRIA,PEDIATRIA,PREDIO 2
232,5,PEDIATRIA,PEDIATRIA,PREDIO 2
232,6,PEDIATRIA,PEDIATRIA,PREDIO 2
232,7,PEDIATRIA,PEDIATRIA,PREDIO 2
232,8,PEDIATRIA,PEDIATRIA,PREDIO 2
232,9,PEDIATRIA,PEDIATRIA,PREDIO 2
232,10,PEDIATRIA,PEDIATRIA,PREDIO 2
232,11,PEDIATRIA,PEDIATRIA,PREDIO 2
232,12,PEDIATRIA,PEDIATRIA,PREDIO 2
232,13,PEDIATRIA,PEDIATRIA,PREDIO 2
232,14,PEDIATRIA,PEDIATRIA,PREDIO 2
232,15,PEDIATRIA,PEDIATRIA,PREDIO 2
233,1,UTI NEONATAL,UTI NEONATAL,PREDIO 2
233,2,UTI NEONATAL,UTI NEONATAL,PREDIO 2
233,3,UTI NEONATAL,UTI NEONATAL,PREDIO 2
233,4,UTI NEONATAL,UTI NEONATAL,PREDIO 2
233,5,UTI NEONATAL,UTI NEONATAL,PREDIO 2
233,6,UTI NEONATAL,UTI NEONATAL,PREDIO 2
233,7,UTI NEONATAL,UTI NEONATAL,PREDIO 2
233,8,UTI NEONATAL,UTI NEONATAL,PREDIO 2
233,9,UTI NEONATAL,UTI NEONATAL,PREDIO 2
233,10,UTI NEONATAL,UTI NEONATAL,PREDIO 2
241,1,OBSTETRICIA,OBSTETRICIA 241,PREDIO 2
241,2,OBSTETRICIA,OBSTETRICIA 241,PREDIO 2
241,3,OBSTETRICIA,OBSTETRICIA 241,PREDIO 2
241,4,OBSTETRICIA,OBSTETRICIA 241,PREDIO 2
241,5,OBSTETRICIA,OBSTETRICIA 241,PREDIO 2
241,6,OBSTETRICIA,OBSTETRICIA 241,PREDIO 2
241,7,OBSTETRICIA,OBSTETRICIA 241,PREDIO 2
241,8,OBSTETRICIA,OBSTETRICIA 241,PREDIO 2
241,9,OBSTETRICIA,OBSTETRICIA 241,PREDIO 2
241,10,OBSTETRICIA,OBSTETRICIA 241,PREDIO 2
241,11,OBSTETRICIA,OBSTETRICIA 241,PREDIO 2
241,12,OBSTETRICIA,OBSTETRICIA 241,PREDIO 2
241,13,OBSTETRICIA,OBSTETRICIA 241,PREDIO 2
241,14,OBSTETRICIA,OBSTETRICIA 241,PREDIO 2
241,15,OBSTETRICIA,OBSTETRICIA 241,PREDIO 2
241,16,OBSTETRICIA,OBSTETRICIA 241,PREDIO 2
241,17,OBSTETRICIA,OBSTETRICIA 241,PREDIO 2
241,18,OBSTETRICIA,OBSTETRICIA 241,PREDIO 2
241,19,OBSTETRICIA,OBSTETRICIA 241,PREDIO 2
241,20,OBSTETRICIA,OBSTETRICIA 241,PREDIO 2
241,21,OBSTETRICIA,OBSTETRICIA 241,PREDIO 2
241,22,OBSTETRICIA,OBSTETRICIA 241,PREDIO 2
241,23,OBSTETRICIA,OBSTETRICIA 241,PREDIO 2
241,24,OBSTETRICIA,OBSTETRICIA 241,PREDIO 2
241,25,OBSTETRICIA,OBSTETRICIA 241,PREDIO 2
242,1,OBSTETRICIA,OBSTETRICIA 242,PREDIO 2
242,2,OBSTETRICIA,OBSTETRICIA 242,PREDIO 2
242,3,OBSTETRICIA,OBSTETRICIA 242,PREDIO 2
242,4,OBSTETRICIA,OBSTETRICIA 242,PREDIO 2
242,5,OBSTETRICIA,OBSTETRICIA 242,PREDIO 2
242,6,OBSTETRICIA,OBSTETRICIA 242,PREDIO 2
242,7,OBSTETRICIA,OBSTETRICIA 242,PREDIO 2
242,8,OBSTETRICIA,OBSTETRICIA 242,PREDIO 2
242,9,OBSTETRICIA,OBSTETRICIA 242,PREDIO 2
242,10,OBSTETRICIA,OBSTETRICIA 242,PREDIO 2
242,11,OBSTETRICIA,OBSTETRICIA 242,PREDIO 2
242,12,OBSTETRICIA,OBSTETRICIA 242,PREDIO 2
242,13,OBSTETRICIA,OBSTETRICIA 242,PREDIO 2
242,14,OBSTETRICIA,OBSTETRICIA 242,PREDIO 2
242,15,OBSTETRICIA,OBSTETRICIA 242,PREDIO 2
242,16,OBSTETRICIA,OBSTETRICIA 242,PREDIO 2
242,17,OBSTETRICIA,OBSTETRICIA 242,PREDIO 2
242,18,OBSTETRICIA,OBSTETRICIA 242,PREDIO 2
242,19,OBSTETRICIA,OBSTETRICIA 242,PREDIO 2
242,20,OBSTETRICIA,OBSTETRICIA 242,PREDIO 2